{
  "global": {
    "r2": 0.9214381108218653,
    "mae": 631.8549719907971,
    "rmse": 2307.178403772044
  },
  "blended": {
    "r2": 0.9147943565069037,
    "mae": 655.0415738118961,
    "rmse": 2402.754498487369
  },
  "clusters": {
    "metropolitan_premium": {
      "r2": 0.8267478177203408,
      "mae": 1219.0308694752475,
      "n_train": 4408,
      "n_test": 1113
    },
    "tourism": {
      "r2": 0.9262676603445155,
      "mae": 761.1420377130324,
      "n_train": 21985,
      "n_test": 5514
    },
    "northern_border": {
      "r2": 0.9384375196137588,
      "mae": 327.74872577475685,
      "n_train": 28039,
      "n_test": 7075
    },
    "bajio_industrial": {
      "r2": 0.9214165805444514,
      "mae": 385.00328921081035,
      "n_train": 11740,
      "n_test": 2867
    },
    "central": {
      "r2": 0.8547195234937132,
      "mae": 762.5778102672346,
      "n_train": 18692,
      "n_test": 4690
    },
    "southern": {
      "r2": 0.9275854188010931,
      "mae": 251.31511509647547,
      "n_train": 17617,
      "n_test": 4364
    },
    "mid_tier_capitals": {
      "r2": 0.9362765319523537,
      "mae": 284.4212725426488,
      "n_train": 32764,
      "n_test": 8196
    }
  },
  "states": {
    "Ciudad de M\u00e9xico": {
      "r2": 0.9313845022034624,
      "mae": 632.7753443355629,
      "n_train": 50229,
      "alpha": 1.0
    },
    "Estado de M\u00e9xico": {
      "r2": 0.8140453060523818,
      "mae": 2271.1256621703387,
      "n_train": 7170,
      "alpha": 1.0
    },
    "Michoac\u00e1n": {
      "r2": 0.9708040154370446,
      "mae": 105.49984031720786,
      "n_train": 6418,
      "alpha": 1.0
    },
    "Coahuila": {
      "r2": 0.9875784559464782,
      "mae": 126.22330160503732,
      "n_train": 6380,
      "alpha": 1.0
    },
    "Campeche": {
      "r2": 0.9778304623106308,
      "mae": 110.00670151560668,
      "n_train": 6369,
      "alpha": 1.0
    },
    "Oaxaca": {
      "r2": 0.953708161790476,
      "mae": 196.16974476498817,
      "n_train": 6345,
      "alpha": 1.0
    },
    "Zacatecas": {
      "r2": 0.9921980343257017,
      "mae": 80.75806475616024,
      "n_train": 6326,
      "alpha": 1.0
    },
    "Tlaxcala": {
      "r2": 0.9591245956132995,
      "mae": 162.16039807941638,
      "n_train": 6259,
      "alpha": 1.0
    },
    "Nayarit": {
      "r2": 0.9794033097696514,
      "mae": 246.4252641868373,
      "n_train": 6224,
      "alpha": 1.0
    },
    "Colima": {
      "r2": 0.9812809731736751,
      "mae": 199.7701292789075,
      "n_train": 6214,
      "alpha": 1.0
    },
    "Durango": {
      "r2": 0.9778952882089612,
      "mae": 137.95925404985815,
      "n_train": 6193,
      "alpha": 1.0
    },
    "Hidalgo": {
      "r2": 0.9579578288118359,
      "mae": 226.06020977882883,
      "n_train": 6158,
      "alpha": 1.0
    },
    "Baja California Sur": {
      "r2": 0.9656039888086622,
      "mae": 440.7143198624385,
      "n_train": 6063,
      "alpha": 1.0
    },
    "Sonora": {
      "r2": 0.9303945948769579,
      "mae": 242.29471453957203,
      "n_train": 5999,
      "alpha": 0.991429451009044
    },
    "Aguascalientes": {
      "r2": 0.9552818363592775,
      "mae": 251.35979860800484,
      "n_train": 5977,
      "alpha": 1.0
    },
    "Tabasco": {
      "r2": 0.8804073177855585,
      "mae": 308.3153779686741,
      "n_train": 5917,
      "alpha": 0.9491388069936325
    },
    "Guanajuato": {
      "r2": 0.8860599922201537,
      "mae": 557.9036392147362,
      "n_train": 5763,
      "alpha": 0.9616280094467087
    },
    "Chihuahua": {
      "r2": 0.9518280730935973,
      "mae": 400.57243197749733,
      "n_train": 5652,
      "alpha": 1.0
    },
    "Sinaloa": {
      "r2": 0.8838669378906819,
      "mae": 634.4471309571026,
      "n_train": 5451,
      "alpha": 0.9440233816900381
    },
    "Chiapas": {
      "r2": 0.9326607489353527,
      "mae": 322.9481144810079,
      "n_train": 5355,
      "alpha": 1.0
    },
    "San Luis Potos\u00ed": {
      "r2": 0.9494820967791601,
      "mae": 401.9155271108645,
      "n_train": 5105,
      "alpha": 1.0
    },
    "Baja California": {
      "r2": 0.9176903424161268,
      "mae": 551.841826979166,
      "n_train": 5011,
      "alpha": 0.9778917863320606
    },
    "Tamaulipas": {
      "r2": 0.8561114623979035,
      "mae": 567.7353455765119,
      "n_train": 4997,
      "alpha": 0.9122732675375779
    },
    "Quintana Roo": {
      "r2": 0.8740332184557132,
      "mae": 1688.572241425357,
      "n_train": 4913,
      "alpha": 0.943607615676257
    },
    "Guerrero": {
      "r2": 0.882400086780646,
      "mae": 908.8117147588137,
      "n_train": 4785,
      "alpha": 0.9526404996720349
    },
    "Jalisco": {
      "r2": 0.8316635286323786,
      "mae": 1184.7815714796805,
      "n_train": 4408,
      "alpha": 1.0
    },
    "Puebla": {
      "r2": 0.7878155099605472,
      "mae": 1547.1796993908772,
      "n_train": 3843,
      "alpha": 0.9217240139084548
    },
    "Nuevo Le\u00f3n": {
      "r2": 0.8016170874580313,
      "mae": 3145.356908265179,
      "n_train": 3786,
      "alpha": 1.0
    },
    "Quer\u00e9taro": {
      "r2": 0.690822266770529,
      "mae": 1937.5300315360405,
      "n_train": 2714,
      "alpha": 1.0
    },
    "Morelos": {
      "r2": 0.5870265117635198,
      "mae": 2548.239805577531,
      "n_train": 2432,
      "alpha": 0.6868060172113731
    },
    "Yucat\u00e1n": {
      "r2": 0.3914238214756991,
      "mae": 2776.7635416403095,
      "n_train": 2291,
      "alpha": 1.0
    },
    "Veracruz": {
      "r2": 0.7753155990999642,
      "mae": 1174.1711237421553,
      "n_train": 2211,
      "alpha": 0.8280839822859293
    }
  },
  "n_samples": 266198,
  "n_features": 27,
  "n_cluster_models": 7,
  "n_state_models": 32,
  "trained_at": "2026-04-01T17:57:28.220151",
  "model_version": "4.0"
}