{
  "global": {
    "r2": 0.953377302513483,
    "mae": 451.83239526385256,
    "rmse": 1856.1445423487805
  },
  "blended": {
    "r2": 0.9505580924710195,
    "mae": 483.6113016349767,
    "rmse": 1911.440145401385
  },
  "clusters": {
    "metropolitan_premium": {
      "r2": 0.956966169439995,
      "mae": 512.8212682447917,
      "n_train": 12348,
      "n_test": 3107
    },
    "tourism": {
      "r2": 0.9385635456227718,
      "mae": 643.654183234871,
      "n_train": 29112,
      "n_test": 7199
    },
    "northern_border": {
      "r2": 0.9719405452613992,
      "mae": 251.55538114589342,
      "n_train": 44782,
      "n_test": 11201
    },
    "bajio_industrial": {
      "r2": 0.9584535125061369,
      "mae": 291.66924788436637,
      "n_train": 18151,
      "n_test": 4583
    },
    "central": {
      "r2": 0.9430304156483276,
      "mae": 466.1129670404791,
      "n_train": 36421,
      "n_test": 9052
    },
    "southern": {
      "r2": 0.9686968552424813,
      "mae": 176.38543624776153,
      "n_train": 31511,
      "n_test": 7821
    },
    "mid_tier_capitals": {
      "r2": 0.9607308339137162,
      "mae": 223.2349309106643,
      "n_train": 53217,
      "n_test": 13289
    }
  },
  "states": {
    "Ciudad de M\u00e9xico": {
      "r2": 0.9520811518306206,
      "mae": 637.4972262517613,
      "n_train": 53518,
      "alpha": 1.0
    },
    "Estado de M\u00e9xico": {
      "r2": 0.8987827028408304,
      "mae": 1158.1691906625474,
      "n_train": 17556,
      "alpha": 1.0
    },
    "Veracruz": {
      "r2": 0.9615898371785875,
      "mae": 284.7349922135852,
      "n_train": 13575,
      "alpha": 1.0
    },
    "Oaxaca": {
      "r2": 0.9731147760706098,
      "mae": 132.2186291273259,
      "n_train": 13326,
      "alpha": 1.0
    },
    "Jalisco": {
      "r2": 0.9606684403183463,
      "mae": 516.1178768725647,
      "n_train": 12348,
      "alpha": 1.0
    },
    "Hidalgo": {
      "r2": 0.9800699800479641,
      "mae": 193.0568755099217,
      "n_train": 11292,
      "alpha": 1.0
    },
    "Guanajuato": {
      "r2": 0.9506351927932826,
      "mae": 373.60592990811415,
      "n_train": 10644,
      "alpha": 0.9918427762944797
    },
    "Michoac\u00e1n": {
      "r2": 0.9790999855926216,
      "mae": 112.91375881030967,
      "n_train": 10538,
      "alpha": 1.0
    },
    "Coahuila": {
      "r2": 0.9937213288673551,
      "mae": 124.43415328262172,
      "n_train": 10509,
      "alpha": 1.0
    },
    "Puebla": {
      "r2": 0.9321223660623151,
      "mae": 680.1940404777253,
      "n_train": 10061,
      "alpha": 0.9884329822188045
    },
    "Chiapas": {
      "r2": 0.9582296426013805,
      "mae": 238.34116931865827,
      "n_train": 10008,
      "alpha": 0.9891945425604993
    },
    "Sonora": {
      "r2": 0.9713852461909361,
      "mae": 223.791666740878,
      "n_train": 9769,
      "alpha": 0.9994286697132141
    },
    "Tlaxcala": {
      "r2": 0.9631789752137977,
      "mae": 115.40310072162647,
      "n_train": 9610,
      "alpha": 1.0
    },
    "Chihuahua": {
      "r2": 0.9739079961773649,
      "mae": 289.13014287924324,
      "n_train": 9389,
      "alpha": 1.0
    },
    "Nuevo Le\u00f3n": {
      "r2": 0.8910357247495435,
      "mae": 1477.3964183399894,
      "n_train": 9243,
      "alpha": 1.0
    },
    "Zacatecas": {
      "r2": 0.95334442126628,
      "mae": 114.19777906572334,
      "n_train": 8525,
      "alpha": 0.9923116731693244
    },
    "Tamaulipas": {
      "r2": 0.9338514525205985,
      "mae": 396.50505065494445,
      "n_train": 8433,
      "alpha": 0.9608112935235593
    },
    "Tabasco": {
      "r2": 0.9630665563189962,
      "mae": 237.2271075981105,
      "n_train": 8177,
      "alpha": 0.9941877596762965
    },
    "San Luis Potos\u00ed": {
      "r2": 0.9760112502789398,
      "mae": 282.27149545945724,
      "n_train": 8145,
      "alpha": 1.0
    },
    "Durango": {
      "r2": 0.9756369956030763,
      "mae": 169.8678628410489,
      "n_train": 8066,
      "alpha": 1.0
    },
    "Sinaloa": {
      "r2": 0.9147467517697746,
      "mae": 480.5557940568552,
      "n_train": 7993,
      "alpha": 0.9521363523260549
    },
    "Nayarit": {
      "r2": 0.9714263425733065,
      "mae": 272.8698744563181,
      "n_train": 7860,
      "alpha": 1.0
    },
    "Colima": {
      "r2": 0.9811209205179992,
      "mae": 195.19523458878334,
      "n_train": 7565,
      "alpha": 1.0
    },
    "Aguascalientes": {
      "r2": 0.9781894654039749,
      "mae": 177.63570596463776,
      "n_train": 7507,
      "alpha": 1.0
    },
    "Campeche": {
      "r2": 0.9618812008285742,
      "mae": 127.27398076096493,
      "n_train": 7493,
      "alpha": 1.0
    },
    "Guerrero": {
      "r2": 0.9427179457634256,
      "mae": 599.4398370784717,
      "n_train": 7205,
      "alpha": 1.0
    },
    "Baja California Sur": {
      "r2": 0.9502868559782637,
      "mae": 508.06642868063017,
      "n_train": 7144,
      "alpha": 1.0
    },
    "Quintana Roo": {
      "r2": 0.8834845590489899,
      "mae": 1373.1121381817334,
      "n_train": 6903,
      "alpha": 0.9413156553643527
    },
    "Baja California": {
      "r2": 0.9669350368913285,
      "mae": 430.01712146574715,
      "n_train": 6682,
      "alpha": 0.9948499850176284
    },
    "Yucat\u00e1n": {
      "r2": 0.8554162598546643,
      "mae": 1043.3841367311293,
      "n_train": 6343,
      "alpha": 1.0
    },
    "Morelos": {
      "r2": 0.8718840183919567,
      "mae": 1238.795640845214,
      "n_train": 5458,
      "alpha": 0.9245555646182864
    },
    "Quer\u00e9taro": {
      "r2": 0.9211507529777934,
      "mae": 1108.3462701685687,
      "n_train": 5270,
      "alpha": 1.0
    }
  },
  "n_samples": 420219,
  "n_features": 27,
  "n_cluster_models": 7,
  "n_state_models": 32,
  "trained_at": "2026-04-01T19:26:47.495067",
  "model_version": "5.0"
}