{
  "train_r2": 0.9925354992405132,
  "test_r2": 0.9925354992405132,
  "test_mae": 1472.5609114605315,
  "test_rmse": 2386.9601321131945,
  "train_mae": 1472.5609114605315,
  "train_rmse": 2386.9601321131945,
  "n_samples": 880,
  "n_features": 27,
  "trained_at": "2026-04-03T14:07:23.444669"
}