{
  "global": {
    "r2": 0.8415664028582279,
    "mae": 2623.0622800037377,
    "rmse": 6890.193999956612
  },
  "blended": {
    "r2": 0.8334319267218376,
    "mae": 2683.388165955699,
    "rmse": 7064.862109485475
  },
  "clusters": {
    "metropolitan_premium": {
      "r2": 0.9764503151737087,
      "mae": 266.06979282852035,
      "n_train": 15653,
      "n_test": 3994
    },
    "tourism": {
      "r2": 0.6630937367002061,
      "mae": 6887.263989148913,
      "n_train": 1952,
      "n_test": 473
    },
    "northern_border": {
      "r2": 0.6912964381720272,
      "mae": 2786.9057072051914,
      "n_train": 1976,
      "n_test": 485
    },
    "bajio_industrial": {
      "r2": 0.7101912553892684,
      "mae": 4802.430024734713,
      "n_train": 826,
      "n_test": 173
    },
    "central": {
      "r2": 0.5315776714986458,
      "mae": 3952.993129019962,
      "n_train": 3616,
      "n_test": 913
    },
    "southern": {
      "r2": 0.7922700645791975,
      "mae": 2346.721401596937,
      "n_train": 870,
      "n_test": 198
    },
    "mid_tier_capitals": {
      "r2": 0.7616689275746554,
      "mae": 3139.9030335093425,
      "n_train": 1085,
      "n_test": 236
    }
  },
  "states": {
    "Ciudad de Mexico": {
      "r2": 0.9991432530285707,
      "mae": 76.4939847581315,
      "n_train": 14388,
      "alpha": 1.0
    },
    "Distrito Federal": {
      "r2": 0.8216240559108045,
      "mae": 6547.546739130788,
      "n_train": 3415,
      "alpha": 1.0
    },
    "Estado de M\u00e9xico": {
      "r2": 0.5711866445887794,
      "mae": 4135.6589359331,
      "n_train": 3132,
      "alpha": 1.0
    },
    "Morelos": {
      "r2": 0.23267605689557735,
      "mae": 4360.809290854036,
      "n_train": 1979,
      "alpha": 0.9895
    },
    "Quer\u00e9taro": {
      "r2": 0.5732936356591778,
      "mae": 2825.0998233863515,
      "n_train": 1976,
      "alpha": 0.988
    },
    "Yucat\u00e1n": {
      "r2": 0.3476224332746001,
      "mae": 3951.712327920721,
      "n_train": 1775,
      "alpha": 0.8875
    },
    "Nuevo Le\u00f3n": {
      "r2": 0.7556721663566491,
      "mae": 5773.032773660444,
      "n_train": 1617,
      "alpha": 0.8085
    },
    "Veracruz de Ignacio de la Llave": {
      "r2": 0.7759424271398372,
      "mae": 2188.1706857612708,
      "n_train": 1603,
      "alpha": 0.8015
    },
    "Puebla": {
      "r2": 0.6543940252095127,
      "mae": 4030.349117536616,
      "n_train": 1304,
      "alpha": 0.652
    },
    "Jalisco": {
      "r2": 0.9089313040450879,
      "mae": 2224.790353231558,
      "n_train": 1265,
      "alpha": 0.6325
    },
    "Quintana Roo": {
      "r2": 0.5681657522499763,
      "mae": 10208.320720080417,
      "n_train": 840,
      "alpha": 0.42
    },
    "Baja California": {
      "r2": 0.7379502698194661,
      "mae": 2503.2456873413025,
      "n_train": 726,
      "alpha": 0.363
    },
    "Guerrero": {
      "r2": 0.6132691211424748,
      "mae": 5534.002433817377,
      "n_train": 671,
      "alpha": 0.3355
    },
    "Tamaulipas": {
      "r2": 0.6851070751664554,
      "mae": 2334.981168946255,
      "n_train": 621,
      "alpha": 0.3105
    },
    "Sinaloa": {
      "r2": 0.6948526595279825,
      "mae": 4791.510587659291,
      "n_train": 583,
      "alpha": 0.2915
    },
    "Guanajuato": {
      "r2": 0.7121219235463518,
      "mae": 6008.6829896584095,
      "n_train": 562,
      "alpha": 0.281
    },
    "Chiapas": {
      "r2": 0.7169194741698534,
      "mae": 2196.6182770681503,
      "n_train": 522,
      "alpha": 0.261
    }
  },
  "n_samples": 50000,
  "n_features": 27,
  "n_cluster_models": 7,
  "n_state_models": 17,
  "trained_at": "2026-03-26T14:42:50.883252",
  "model_version": "3.0"
}