{
  "global": {
    "r2": 0.8449803457253855,
    "mae": 2621.739758700472,
    "rmse": 6815.554433165561
  },
  "blended": {
    "r2": 0.8316763390655552,
    "mae": 2694.7818850597637,
    "rmse": 7101.99550019339
  },
  "clusters": {
    "metropolitan_premium": {
      "r2": 0.9756240266422694,
      "mae": 268.7566827475887,
      "n_train": 15653,
      "n_test": 3994
    },
    "tourism": {
      "r2": 0.6522018296581749,
      "mae": 6973.907764267738,
      "n_train": 1952,
      "n_test": 473
    },
    "northern_border": {
      "r2": 0.6940153309511465,
      "mae": 2805.2524996324482,
      "n_train": 1976,
      "n_test": 485
    },
    "bajio_industrial": {
      "r2": 0.7048167940351189,
      "mae": 4822.031775293084,
      "n_train": 826,
      "n_test": 173
    },
    "central": {
      "r2": 0.530503448278907,
      "mae": 3955.5731900449573,
      "n_train": 3616,
      "n_test": 913
    },
    "southern": {
      "r2": 0.7774747939501978,
      "mae": 2372.7437890896335,
      "n_train": 870,
      "n_test": 198
    },
    "mid_tier_capitals": {
      "r2": 0.7541716752529708,
      "mae": 3191.528692379219,
      "n_train": 1085,
      "n_test": 236
    }
  },
  "states": {
    "Ciudad de Mexico": {
      "r2": 0.9991432530285707,
      "mae": 76.4939847581315,
      "n_train": 14388,
      "alpha": 1.0
    },
    "Distrito Federal": {
      "r2": 0.8189962269681502,
      "mae": 6585.571582705881,
      "n_train": 3415,
      "alpha": 1.0
    },
    "Estado de M\u00e9xico": {
      "r2": 0.5784815717900621,
      "mae": 4089.0611483673847,
      "n_train": 3132,
      "alpha": 1.0
    },
    "Morelos": {
      "r2": 0.21771333170883533,
      "mae": 4365.783506957883,
      "n_train": 1979,
      "alpha": 0.9895
    },
    "Quer\u00e9taro": {
      "r2": 0.590524623089436,
      "mae": 2796.5549423880157,
      "n_train": 1976,
      "alpha": 0.988
    },
    "Yucat\u00e1n": {
      "r2": 0.3547790887235083,
      "mae": 3995.4976849044733,
      "n_train": 1775,
      "alpha": 0.8875
    },
    "Nuevo Le\u00f3n": {
      "r2": 0.7493622678709542,
      "mae": 5790.903662606229,
      "n_train": 1617,
      "alpha": 0.8085
    },
    "Veracruz de Ignacio de la Llave": {
      "r2": 0.7697008744220426,
      "mae": 2211.940075150756,
      "n_train": 1603,
      "alpha": 0.8015
    },
    "Puebla": {
      "r2": 0.6428731516889682,
      "mae": 4043.1154014937392,
      "n_train": 1304,
      "alpha": 0.652
    },
    "Jalisco": {
      "r2": 0.9069932162441927,
      "mae": 2306.1161259656083,
      "n_train": 1265,
      "alpha": 0.6325
    },
    "Quintana Roo": {
      "r2": 0.5490926457217171,
      "mae": 10621.336188963705,
      "n_train": 840,
      "alpha": 0.42
    },
    "Baja California": {
      "r2": 0.7430209018532484,
      "mae": 2466.2923160492155,
      "n_train": 726,
      "alpha": 0.363
    },
    "Guerrero": {
      "r2": 0.6354836260252716,
      "mae": 5557.975982718682,
      "n_train": 671,
      "alpha": 0.3355
    },
    "Tamaulipas": {
      "r2": 0.6658731895955797,
      "mae": 2370.516683406115,
      "n_train": 621,
      "alpha": 0.3105
    },
    "Sinaloa": {
      "r2": 0.682699082416391,
      "mae": 4794.360077158057,
      "n_train": 583,
      "alpha": 0.2915
    },
    "Guanajuato": {
      "r2": 0.7242350772008781,
      "mae": 5751.127193073355,
      "n_train": 562,
      "alpha": 0.281
    },
    "Chiapas": {
      "r2": 0.7166012857321289,
      "mae": 2193.3676446639242,
      "n_train": 522,
      "alpha": 0.261
    }
  },
  "n_samples": 50000,
  "n_features": 27,
  "n_cluster_models": 7,
  "n_state_models": 17,
  "trained_at": "2026-03-26T14:47:17.519003",
  "model_version": "3.0"
}