{
  "global": {
    "r2": 0.9998545678255772,
    "mae": 50.80723435426799,
    "rmse": 94.4782044714189
  },
  "blended": {
    "r2": 0.9998545678255772,
    "mae": 50.80723435426799,
    "rmse": 94.4782044714189
  },
  "clusters": {},
  "states": {},
  "n_samples": 800,
  "n_features": 27,
  "n_cluster_models": 0,
  "n_state_models": 0,
  "trained_at": "2026-03-26T12:45:30.225444",
  "model_version": "3.0"
}