{
  "train_r2": 0.9898945239068684,
  "test_r2": 0.9898945239068684,
  "test_mae": 1549.4079068389672,
  "test_rmse": 2500.2094303124904,
  "train_mae": 1549.4079068389672,
  "train_rmse": 2500.2094303124904,
  "n_samples": 976,
  "n_features": 27,
  "trained_at": "2026-04-03T14:06:19.774575"
}