{
  "train_r2": 0.9878916543050817,
  "test_r2": 0.9868239815408416,
  "test_mae": 369.72631006552325,
  "test_rmse": 1210.2193696033703,
  "train_mae": 293.5984240977142,
  "train_rmse": 1160.1507044388802,
  "n_samples": 94020,
  "n_features": 27,
  "trained_at": "2026-04-05T01:15:39.510271"
}