{
  "train_r2": 0.8675777823447496,
  "test_r2": 0.8480490498683642,
  "test_mae": 2260.413235680707,
  "test_rmse": 5998.65011586022,
  "train_mae": 2153.478041965025,
  "train_rmse": 5599.925507034787,
  "n_samples": 56776,
  "n_features": 27,
  "trained_at": "2026-04-03T14:11:10.679361"
}