{
  "version": "3.0",
  "trained_at": "2026-03-26T12:46:09.724490",
  "r2_score": 0.6930486378419753,
  "mae": 5300.462938155361,
  "mse": 98503654.79588589,
  "cross_val_mean": 0.6565651579539844,
  "cross_val_std": 0.010308196432545833,
  "n_samples": 30000,
  "n_features": 31,
  "feature_names": [
    "area_m2",
    "is_large_lot",
    "distance_to_center",
    "lat_normalized",
    "lon_normalized",
    "population_density",
    "economic_level_score",
    "unemployment_rate",
    "avg_income",
    "education_index",
    "security_score",
    "infrastructure_score",
    "pct_vacant_housing",
    "population_growth",
    "median_age",
    "homicide_rate_per_100k",
    "pct_internet",
    "pea_pct",
    "nearest_school_km",
    "nearest_hospital_km",
    "nearest_supermarket_km",
    "amenity_count_1km",
    "walkability_score",
    "area_x_income",
    "distance_x_density",
    "month",
    "quarter",
    "year",
    "city_encoded",
    "state_encoded",
    "property_type_encoded"
  ],
  "feature_importance": {
    "city_encoded": 0.6090018501059654,
    "lon_normalized": 0.09583129900920632,
    "lat_normalized": 0.08452872499854812,
    "area_x_income": 0.04551982353408562,
    "area_m2": 0.04412894026631444,
    "distance_to_center": 0.03312062138084181,
    "distance_x_density": 0.02924373158379538,
    "property_type_encoded": 0.020480673745024287,
    "month": 0.014220151708099421,
    "state_encoded": 0.01238369507621325,
    "year": 0.0034751259407581757,
    "quarter": 0.002821077092405215,
    "security_score": 0.0008037037400040345,
    "is_large_lot": 0.0007549456694629035,
    "homicide_rate_per_100k": 0.0006160088817305418,
    "population_density": 0.0005874402757672155,
    "education_index": 0.00038712896488130087,
    "population_growth": 0.0003207117979584181,
    "infrastructure_score": 0.0002740639473895446,
    "median_age": 0.0002712736780749944,
    "economic_level_score": 0.00024213104152923906,
    "pea_pct": 0.00023468645559119873,
    "unemployment_rate": 0.00021250242866265156,
    "avg_income": 0.00019254906197368205,
    "pct_vacant_housing": 0.00017858501582324602,
    "pct_internet": 0.00016855459989351243,
    "nearest_school_km": 0.0,
    "nearest_hospital_km": 0.0,
    "nearest_supermarket_km": 0.0,
    "amenity_count_1km": 0.0,
    "walkability_score": 0.0
  }
}