{
  "version": "2.0",
  "trained_at": "2026-03-25T13:39:33.014005",
  "r2_score": 0.6896513382952161,
  "mae": 3219.984456225908,
  "mse": 41637010.31828578,
  "cross_val_mean": 0.6784752754463212,
  "cross_val_std": 0.006118129386304101,
  "n_samples": 183640,
  "n_features": 19,
  "feature_names": [
    "area_m2",
    "log_area",
    "is_large_lot",
    "distance_to_center",
    "lat_normalized",
    "lon_normalized",
    "population_density",
    "economic_level_score",
    "unemployment_rate",
    "avg_income",
    "education_index",
    "security_score",
    "infrastructure_score",
    "pct_vacant_housing",
    "population_growth",
    "month",
    "quarter",
    "city_encoded",
    "state_encoded"
  ],
  "feature_importance": {
    "state_encoded": 0.4534243682593361,
    "lon_normalized": 0.1771038396165772,
    "lat_normalized": 0.15129462514813388,
    "city_encoded": 0.049958282136301435,
    "log_area": 0.044959651761531,
    "area_m2": 0.04435626435503024,
    "distance_to_center": 0.03318911533091051,
    "security_score": 0.012104210496906482,
    "month": 0.011775645278826111,
    "education_index": 0.004942126399167375,
    "unemployment_rate": 0.0027325855381640438,
    "population_growth": 0.002583668642802995,
    "infrastructure_score": 0.002477251270016052,
    "economic_level_score": 0.0022750312136569006,
    "quarter": 0.0022570844051547313,
    "population_density": 0.0019473510725846641,
    "avg_income": 0.0015103429409810871,
    "pct_vacant_housing": 0.0007098282078343804,
    "is_large_lot": 0.00039872792608483597
  }
}