{
  "version": "2.0",
  "trained_at": "2026-03-25T14:06:11.709373",
  "r2_score": 0.6898733349488183,
  "mae": 3215.841764916081,
  "mse": 41607226.79382691,
  "cross_val_mean": 0.6793083957940395,
  "cross_val_std": 0.006177592083580024,
  "n_samples": 183640,
  "n_features": 19,
  "feature_names": [
    "area_m2",
    "log_area",
    "is_large_lot",
    "distance_to_center",
    "lat_normalized",
    "lon_normalized",
    "population_density",
    "economic_level_score",
    "unemployment_rate",
    "avg_income",
    "education_index",
    "security_score",
    "infrastructure_score",
    "pct_vacant_housing",
    "population_growth",
    "month",
    "quarter",
    "city_encoded",
    "state_encoded"
  ],
  "feature_importance": {
    "state_encoded": 0.45217472920998963,
    "lon_normalized": 0.17859956665584634,
    "lat_normalized": 0.1530331863833939,
    "city_encoded": 0.0500934107097146,
    "area_m2": 0.0449820819647601,
    "log_area": 0.044558409932949704,
    "distance_to_center": 0.0320497981246929,
    "month": 0.011557543019741068,
    "security_score": 0.011249505785664794,
    "education_index": 0.00517172957437941,
    "unemployment_rate": 0.003273156559732595,
    "population_growth": 0.0026933580212320923,
    "quarter": 0.0024497565662219686,
    "infrastructure_score": 0.0022165273555447007,
    "avg_income": 0.002051787152851435,
    "economic_level_score": 0.001383850359139583,
    "population_density": 0.0010642264566053795,
    "pct_vacant_housing": 0.0009942784766486799,
    "is_large_lot": 0.0004030976908910535
  }
}