{
  "version": "3.0",
  "trained_at": "2026-03-26T13:33:21.802996",
  "r2_score": 0.7226133332994154,
  "mae": 4744.228821005693,
  "mse": 86337445.57046452,
  "cross_val_mean": 0.7050676359709115,
  "cross_val_std": 0.008945822803188147,
  "n_samples": 168487,
  "n_features": 31,
  "feature_names": [
    "area_m2",
    "is_large_lot",
    "distance_to_center",
    "lat_normalized",
    "lon_normalized",
    "population_density",
    "economic_level_score",
    "unemployment_rate",
    "avg_income",
    "education_index",
    "security_score",
    "infrastructure_score",
    "pct_vacant_housing",
    "population_growth",
    "median_age",
    "homicide_rate_per_100k",
    "pct_internet",
    "pea_pct",
    "nearest_school_km",
    "nearest_hospital_km",
    "nearest_supermarket_km",
    "amenity_count_1km",
    "walkability_score",
    "area_x_income",
    "distance_x_density",
    "month",
    "quarter",
    "year",
    "city_encoded",
    "state_encoded",
    "property_type_encoded"
  ],
  "feature_importance": {
    "city_encoded": 0.6248300438743278,
    "lat_normalized": 0.09233054775492233,
    "lon_normalized": 0.09068174451549728,
    "area_m2": 0.04911685149414488,
    "area_x_income": 0.04312103033394658,
    "distance_to_center": 0.031610814447336925,
    "property_type_encoded": 0.023143151334812685,
    "distance_x_density": 0.022478526168901863,
    "month": 0.009483343723426971,
    "state_encoded": 0.00407816498457946,
    "year": 0.0027067716488152647,
    "quarter": 0.002022972137530872,
    "security_score": 0.0008752303185354242,
    "is_large_lot": 0.0003746446910252699,
    "pct_vacant_housing": 0.0003745274268752415,
    "homicide_rate_per_100k": 0.0003730612628739686,
    "unemployment_rate": 0.0003688018075613246,
    "population_density": 0.00032048063554560957,
    "infrastructure_score": 0.00028197522351508254,
    "education_index": 0.0002771902644954638,
    "population_growth": 0.00023921008588759387,
    "avg_income": 0.00021411640155513095,
    "pea_pct": 0.00020148894628307034,
    "economic_level_score": 0.00019370252793107816,
    "pct_internet": 0.0001644186364225287,
    "median_age": 0.00013718935325016598,
    "nearest_school_km": 0.0,
    "nearest_hospital_km": 0.0,
    "nearest_supermarket_km": 0.0,
    "amenity_count_1km": 0.0,
    "walkability_score": 0.0
  }
}