{
  "version": "3.0",
  "trained_at": "2026-03-26T12:14:26.668410",
  "r2_score": -0.07547728977897372,
  "mae": 6904.058323616869,
  "mse": 67029742.46097027,
  "cross_val_mean": -0.10711336339579072,
  "cross_val_std": 0.048985564233843655,
  "n_samples": 500,
  "n_features": 31,
  "feature_names": [
    "area_m2",
    "is_large_lot",
    "distance_to_center",
    "lat_normalized",
    "lon_normalized",
    "population_density",
    "economic_level_score",
    "unemployment_rate",
    "avg_income",
    "education_index",
    "security_score",
    "infrastructure_score",
    "pct_vacant_housing",
    "population_growth",
    "median_age",
    "homicide_rate_per_100k",
    "pct_internet",
    "pea_pct",
    "nearest_school_km",
    "nearest_hospital_km",
    "nearest_supermarket_km",
    "amenity_count_1km",
    "walkability_score",
    "area_x_income",
    "distance_x_density",
    "month",
    "quarter",
    "year",
    "city_encoded",
    "state_encoded",
    "property_type_encoded"
  ],
  "feature_importance": {
    "lat_normalized": 0.21875997943669515,
    "lon_normalized": 0.21734080966546748,
    "area_x_income": 0.13813528621434218,
    "area_m2": 0.1185754854057425,
    "month": 0.06584527864425235,
    "state_encoded": 0.05480356101618984,
    "city_encoded": 0.05071542340758744,
    "property_type_encoded": 0.03885562145817456,
    "distance_to_center": 0.024819969034470785,
    "year": 0.022434986332811272,
    "distance_x_density": 0.02174548839464332,
    "quarter": 0.014697111972721461,
    "population_density": 0.003112013231007504,
    "population_growth": 0.0024343376069237248,
    "is_large_lot": 0.002226611308634272,
    "security_score": 0.0015338618284760392,
    "pct_vacant_housing": 0.0008980928079001521,
    "education_index": 0.0008027755075139937,
    "avg_income": 0.0005780459490548116,
    "median_age": 0.0005119850988840804,
    "homicide_rate_per_100k": 0.0004574534199471414,
    "pct_internet": 0.00026210234364405105,
    "unemployment_rate": 0.00013889397511864435,
    "economic_level_score": 0.0001362632877431727,
    "pea_pct": 0.00013035105647326862,
    "infrastructure_score": 4.82115955807137e-05,
    "nearest_school_km": 0.0,
    "nearest_hospital_km": 0.0,
    "nearest_supermarket_km": 0.0,
    "amenity_count_1km": 0.0,
    "walkability_score": 0.0
  }
}