{
  "version": "2.0",
  "trained_at": "2026-03-25T15:20:45.084221",
  "r2_score": 0.7619791455007368,
  "mae": 6116.397559301591,
  "mse": 141334394.9821432,
  "cross_val_mean": 0.7564749798219452,
  "cross_val_std": 0.013190678785740987,
  "n_samples": 43100,
  "n_features": 19,
  "feature_names": [
    "area_m2",
    "log_area",
    "is_large_lot",
    "distance_to_center",
    "lat_normalized",
    "lon_normalized",
    "population_density",
    "economic_level_score",
    "unemployment_rate",
    "avg_income",
    "education_index",
    "security_score",
    "infrastructure_score",
    "pct_vacant_housing",
    "population_growth",
    "month",
    "quarter",
    "city_encoded",
    "state_encoded"
  ],
  "feature_importance": {
    "area_m2": 0.3261344259827282,
    "log_area": 0.3020890076867291,
    "lon_normalized": 0.07750924539385982,
    "lat_normalized": 0.07287156021219776,
    "state_encoded": 0.06115053433186814,
    "education_index": 0.05131374120374662,
    "distance_to_center": 0.03802336080630421,
    "city_encoded": 0.028311309460109183,
    "avg_income": 0.008811558609647937,
    "quarter": 0.008123313524767528,
    "security_score": 0.006486280035874876,
    "month": 0.0059531182465497445,
    "population_density": 0.0034753014099326044,
    "pct_vacant_housing": 0.0033437734653265503,
    "population_growth": 0.0023585863707216775,
    "economic_level_score": 0.0020349994471538057,
    "unemployment_rate": 0.000994900999879115,
    "infrastructure_score": 0.000790082637203415,
    "is_large_lot": 0.00022490017539989848
  }
}